Position,Nucleotide,Number,Count,Order,NewCount,Lvl1,Lvl2,Lvl3,Lvl4,Lvl5
0,A,1,96,1,1000000,NE,No edit1,No edit2,PE,No edit3
1,A,0,96,2,1000000,NE,No edit1,No edit2,PE,No edit3
0,G,0,96,3,1000000,NE,No edit1,No edit2,PE,No edit3
2,A,0,96,4,1000000,NE,No edit1,No edit2,PE,No edit3
3,A,0,96,5,1000000,NE,No edit1,No edit2,PE,No edit3
4,A,0,96,6,1000000,NE,No edit1,No edit2,PE,No edit3
1,G,0,96,7,1000000,NE,No edit1,No edit2,PE,No edit3
2,G,1,96,8,1000000,NE,No edit1,No edit2,PE,No edit3
5,A,1,96,9,1000000,NE,No edit1,No edit2,PE,No edit3
6,A,1,96,10,1000000,NE,No edit1,No edit2,PE,No edit3
7,A,0,96,11,1000000,NE,No edit1,No edit2,PE,No edit3
8,A,1,96,12,1000000,NE,No edit1,No edit2,PE,No edit3
0,C,1,96,13,1000000,NE,No edit1,No edit2,PE,No edit3
9,A,1,96,14,1000000,NE,No edit1,No edit2,PE,No edit3
10,A,0,96,15,1000000,NE,No edit1,No edit2,PE,No edit3
11,A,1,96,16,1000000,NE,No edit1,No edit2,PE,No edit3
3,G,0,87,17,906250,NE,No edit1,No edit2,PE,No edit3
3,G,1,3,17,31250,NCI,N-inc-ins,Insertion,NC edit,NC Insertion
3,G,2,4,17,41667,NCI,N-inc-ins,Insertion,NC edit,NC Insertion
3,G,8,1,17,10417,NCI,N-inc-ins,Insertion,NC edit,NC Insertion
3,G,4,1,17,10417,NCI,N-inc-ins,Insertion,NC edit,NC Insertion
12,A,3,3,18,31250,CII,I-inc,Insertion,NC edit,NC Insertion
12,A,5,2,18,20833,CEI,N-inc-ins,Insertion,NC edit,NC Insertion
12,A,2,1,18,10417,CII,I-inc,Insertion,NC edit,NC Insertion
12,A,1,3,18,31250,CII,I-inc,Insertion,NC edit,NC Insertion
12,A,4,5,18,52083,CI,Ins ed,Insertion,FE,Insertion1
12,A,0,82,18,854167,CINE,No edit1,No edit2,PE,No edit3
13,A,5,2,19,20833,NCI,N-inc-ins,Insertion,NC edit,NC Insertion
13,A,7,1,19,10417,NCI,N-inc-ins,Insertion,NC edit,NC Insertion
13,A,2,2,19,20833,NCI,N-inc-ins,Insertion,NC edit,NC Insertion
13,A,1,3,19,31250,NCI,N-inc-ins,Insertion,NC edit,NC Insertion
13,A,0,63,19,656250,NE,No edit1,No edit2,PE,No edit3
13,A,3,4,19,41667,NCI,N-inc-ins,Insertion,NC edit,NC Insertion
13,A,6,1,19,10417,NCI,N-inc-ins,Insertion,NC edit,NC Insertion
13,A,4,20,19,208333,NCI,N-inc-ins,Insertion,NC edit,NC Insertion
14,A,2,1,20,10417,CEI,N-inc-ins,Insertion,NC edit,NC Insertion
14,A,9,1,20,10417,CEI,N-inc-ins,Insertion,NC edit,NC Insertion
14,A,4,4,20,41667,CEI,N-inc-ins,Insertion,NC edit,NC Insertion
14,A,8,1,20,10417,CEI,N-inc-ins,Insertion,NC edit,NC Insertion
14,A,1,12,20,125000,CI,Ins ed,Insertion,FE,Insertion1
14,A,0,77,20,802083,CINE,No edit1,No edit2,PE,No edit3
4,G,0,49,21,510417,CINE,No edit1,No edit2,PE,No edit3
4,G,3,12,21,125000,CI,Ins ed,Insertion,FE,Insertion1
4,G,2,1,21,10417,CII,I-inc,Insertion,NC edit,NC Insertion
4,G,1,32,21,333333,CII,I-inc,Insertion,NC edit,NC Insertion
4,G,6,1,21,10417,CEI,N-inc-ins,Insertion,NC edit,NC Insertion
4,G,4,1,21,10417,CEI,N-inc-ins,Insertion,NC edit,NC Insertion
5,G,1,5,22,52083,NCI,N-inc-ins,Insertion,NC edit,NC Insertion
5,G,2,4,22,41667,NCI,N-inc-ins,Insertion,NC edit,NC Insertion
5,G,0,56,22,583333,NE,No edit1,No edit2,PE,No edit3
5,G,4,1,22,10417,NCI,N-inc-ins,Insertion,NC edit,NC Insertion
5,G,3,29,22,302083,NCI,N-inc-ins,Insertion,NC edit,NC Insertion
5,G,6,1,22,10417,NCI,N-inc-ins,Insertion,NC edit,NC Insertion
6,G,2,18,23,187500,CI,Ins ed,Insertion,FE,Insertion1
6,G,3,4,23,41667,CEI,N-inc-ins,Insertion,NC edit,NC Insertion
6,G,1,1,23,10417,CII,I-inc,Insertion,NC edit,NC Insertion
6,G,7,1,23,10417,CEI,N-inc-ins,Insertion,NC edit,NC Insertion
6,G,6,1,23,10417,CEI,N-inc-ins,Insertion,NC edit,NC Insertion
6,G,0,71,23,739583,CINE,No edit1,No edit2,PE,No edit3
7,G,2,29,24,302083,CII,I-inc,Insertion,NC edit,NC Insertion
7,G,4,17,24,177083,CI,Ins ed,Insertion,FE,Insertion1
7,G,0,47,24,489583,CINE,No edit1,No edit2,PE,No edit3
7,G,1,2,24,20833,CII,I-inc,Insertion,NC edit,NC Insertion
7,G,6,1,24,10417,CEI,N-inc-ins,Insertion,NC edit,NC Insertion
15,A,3,2,25,20833,CID,D-inc,Deletion,NC edit,NC Deletion
15,A,4,69,25,718750,CDNE,No edit1,No edit2,PE,No edit3
15,A,0,14,25,145833,CD,Del ed,Deletion,FE,Deletion1
15,A,7,1,25,10417,ICD,N-inc-ins,Insertion,NC edit,NC Insertion
15,A,5,1,25,10417,ICD,N-inc-ins,Insertion,NC edit,NC Insertion
15,A,2,5,25,52083,CID,D-inc,Deletion,NC edit,NC Deletion
15,A,8,1,25,10417,ICD,N-inc-ins,Insertion,NC edit,NC Insertion
15,A,1,3,25,31250,CID,D-inc,Deletion,NC edit,NC Deletion
16,A,3,19,26,197917,CI,Ins ed,Insertion,FE,Insertion1
16,A,0,67,26,697917,CINE,No edit1,No edit2,PE,No edit3
16,A,2,2,26,20833,CII,I-inc,Insertion,NC edit,NC Insertion
16,A,1,2,26,20833,CII,I-inc,Insertion,NC edit,NC Insertion
16,A,4,5,26,52083,CEI,N-inc-ins,Insertion,NC edit,NC Insertion
16,A,10,1,26,10417,CEI,N-inc-ins,Insertion,NC edit,NC Insertion
17,A,2,2,27,20833,NCI,N-inc-ins,Insertion,NC edit,NC Insertion
17,A,3,27,27,281250,NCI,N-inc-ins,Insertion,NC edit,NC Insertion
17,A,0,57,27,593750,NE,No edit1,No edit2,PE,No edit3
17,A,5,2,27,20833,NCI,N-inc-ins,Insertion,NC edit,NC Insertion
17,A,1,2,27,20833,NCI,N-inc-ins,Insertion,NC edit,NC Insertion
17,A,4,6,27,62500,NCI,N-inc-ins,Insertion,NC edit,NC Insertion
8,G,9,5,28,52083,CEI,N-inc-ins,Insertion,NC edit,NC Insertion
8,G,8,1,28,10417,CEI,N-inc-ins,Insertion,NC edit,NC Insertion
8,G,1,1,28,10417,CII,I-inc,Insertion,NC edit,NC Insertion
8,G,5,1,28,10417,CEI,N-inc-ins,Insertion,NC edit,NC Insertion
8,G,2,3,28,31250,CII,I-inc,Insertion,NC edit,NC Insertion
8,G,0,63,28,656250,CINE,No edit1,No edit2,PE,No edit3
8,G,4,18,28,187500,CI,Ins ed,Insertion,FE,Insertion1
8,G,3,4,28,41667,CII,I-inc,Insertion,NC edit,NC Insertion
18,A,6,1,29,10417,CEI,N-inc-ins,Insertion,NC edit,NC Insertion
18,A,11,1,29,10417,CEI,N-inc-ins,Insertion,NC edit,NC Insertion
18,A,13,1,29,10417,CEI,N-inc-ins,Insertion,NC edit,NC Insertion
18,A,5,16,29,166667,CI,Ins ed,Insertion,FE,Insertion1
18,A,10,8,29,83333,CEI,N-inc-ins,Insertion,NC edit,NC Insertion
18,A,9,36,29,375000,CEI,N-inc-ins,Insertion,NC edit,NC Insertion
18,A,1,1,29,10417,DCI,N-inc-del,Deletion,NC edit,NC Deletion
18,A,12,1,29,10417,CEI,N-inc-ins,Insertion,NC edit,NC Insertion
18,A,3,1,29,10417,CII,I-inc,Insertion,NC edit,NC Insertion
18,A,8,2,29,20833,CEI,N-inc-ins,Insertion,NC edit,NC Insertion
18,A,2,28,29,291667,CINE,No edit1,No edit2,PE,No edit3
9,G,9,1,30,10417,CEI,N-inc-ins,Insertion,NC edit,NC Insertion
9,G,0,28,30,291667,CINE,No edit1,No edit2,PE,No edit3
9,G,1,67,30,697917,CI,Ins ed,Insertion,FE,Insertion1
10,G,1,1,31,10417,NCI,N-inc-ins,Insertion,NC edit,NC Insertion
10,G,0,94,31,979167,NE,No edit1,No edit2,PE,No edit3
10,G,2,1,31,10417,NCI,N-inc-ins,Insertion,NC edit,NC Insertion
1,C,1,1,32,10417,NCD,N-inc-del,Deletion,NC edit,NC Deletion
1,C,3,95,32,989583,NE,No edit1,No edit2,PE,No edit3
11,G,0,95,33,989583,NE,No edit1,No edit2,PE,No edit3
11,G,2,1,33,10417,NCI,N-inc-ins,Insertion,NC edit,NC Insertion
19,A,2,94,34,979167,NE,No edit1,No edit2,PE,No edit3
19,A,1,2,34,20833,NCD,N-inc-del,Deletion,NC edit,NC Deletion
12,G,1,69,35,718750,CI,Ins ed,Insertion,FE,Insertion1
12,G,0,26,35,270833,CINE,No edit1,No edit2,PE,No edit3
12,G,2,1,35,10417,CEI,N-inc-ins,Insertion,NC edit,NC Insertion
20,A,0,96,36,1000000,NE,No edit1,No edit2,PE,No edit3
13,G,1,96,37,1000000,NE,No edit1,No edit2,PE,No edit3
2,C,0,96,38,1000000,NE,No edit1,No edit2,PE,No edit3
14,G,1,96,39,1000000,NE,No edit1,No edit2,PE,No edit3
15,G,5,96,40,1000000,NE,No edit1,No edit2,PE,No edit3
16,G,0,96,41,1000000,NE,No edit1,No edit2,PE,No edit3
21,A,3,96,42,1000000,NE,No edit1,No edit2,PE,No edit3
17,G,2,96,43,1000000,NE,No edit1,No edit2,PE,No edit3
22,A,1,96,44,1000000,NE,No edit1,No edit2,PE,No edit3
